,Comp_ID,N_shift,H_shift
0,TYR,"119.4, 120.2, 119.4, 121.2, 116.6, 127.0, 121.2, 124.5, 117.12, 117.83, 120.78, 111.64, 119.87, 120.909, 128.807, 119.301, 118.62, 121.962, 117.997, 119.034, 121.693, 119.526, 124.354, 127.532, 115.018","7.91, 9.09, 5.47, 6.81, 6.81, 9.25, 5.58, 6.72, 6.72, 8.42, 5.67, 3.03, 2.77, 8.56, 6.65, 6.65, 9.86, 4.66, 9.4993, 9.001, 7.5536, 8.4675, 7.6421, 8.2022, 7.1704, 8.243, 4.917, 3.035, 3.009, 8.737, 4.178, 3.122, 2.647, 7.813, 4.673, 2.665, 2.381, 8.664, 5.345, 3.303, 2.966, 7.028, 4.358, 2.975, 2.573, 7.497, 4.067, 2.916, 2.602, 8.825, 4.539, 2.925, 2.936, 7.777, 4.599, 3.063, 2.654, 8.722, 4.32, 2.617, 2.617, 7.004, 7.004, 6.86, 6.86, 7.972, 4.88, 2.604, 2.388, 7.083, 7.083, 6.955, 6.955, 9.463, 5.731, 2.531, 2.25, 6.65, 6.65, 6.826, 6.826, 9.142, 6.157, 2.664, 2.437, 6.536, 6.536, 6.431, 6.431"
1,PHE,"121.8, 126.0, 122.5, 124.6, 122.5, 127.11, 123.88, 117.12, 127.32, 112.34, 111.22, 117.27, 121.995, 128.1, 123.262, 133.232, 124.745, 122.16","7.99, 9.01, 4.83, 3.15, 2.88, 8.64, 5.02, 3.08, 2.62, 8.81, 4.87, 8.87, 4.89, 9.175, 9.0571, 9.3224, 8.9686, 7.6716, 8.3496, 8.6444, 8.696, 5.068, 2.109, 2.109, 8.842, 5.622, 3.497, 2.385, 8.194, 4.209, 3.386, 3.244, 7.251, 7.251, 6.878, 6.878, 9.591, 4.946, 3.584, 3.177, 7.445, 7.445, 7.311, 7.311, 9.038, 5.546, 3.235, 2.821, 7.28, 7.28, 6.804, 6.804, 9.317, 4.149, 3.438, 3.023, 6.984, 6.984, 6.562, 6.562, 6.747"
2,HIS,"119.9, 124.86, 121.84, 120.85, 117.539, 118.877, 120.324, 117.239","8.19, 9.3519, 9.116, 6.9641, 4.498, 2.982, 2.982, 7.862, 4.134, 3.115, 2.654, 7.817, 4.84, 3.443, 2.786, 8.179, 4.361, 3.146, 3.146, 7.1, 6.154, 9.243, 5.415, 2.865, 2.683, 6.767"
3,ALA,"127.4, 121.9, 123.7, 122.6, 121.4, 125.3, 114.5, 120.5, 117.8, 117.8, 125.7, 124.29, 126.49, 126.73, 121.91, 120.341, 124.946, 126.14, 118.33, 121.465, 120.574, 119.724, 122.83, 124.01, 121.239","8.21, 4.31, 1.31, 1.31, 1.31, 7.74, 5.04, 1.12, 1.12, 1.12, 8.91, 5.42, 1.28, 1.28, 1.28, 7.26, 4.47, 1.4, 1.4, 1.4, 8.32, 4.84, 1.22, 1.22, 1.22, 9.58, 5.39, 1.47, 1.47, 1.47, 7.44, 5.18, 1.22, 1.22, 1.22, 8.99, 5.11, 1.22, 1.22, 1.22, 7.87, 4.15, 1.43, 1.43, 1.43, 7.59, 4.35, 1.49, 1.49, 1.49, 8.1137, 7.91, 8.4603, 8.412, 8.2317, 7.903, 4.047, 1.299, 1.299, 1.299, 9.212, 3.695, 1.464, 1.464, 1.464, 4.032, 1.353, 1.353, 1.353, 7.316, 3.852, 0.586, 0.586, 0.586, 8.086, 3.858, 1.354, 1.354, 1.354, 8.483, 4.271, 1.356, 1.356, 1.356, 8.604, 3.85, 1.153, 1.153, 1.153, 7.935, 5.051, 0.998, 0.998, 0.998, 7.796, 4.208, 1.38, 1.38, 1.38, 7.431, 3.651, 1.206, 1.206, 1.206, 7.674, 4.18, 1.595, 1.595, 1.595"
4,LEU,"121.7, 120.8, 123.2, 120.2, 122.1, 119.4, 116.9, 121.4, 124.7, 122.1, 124.6, 123.59, 115.86, 124.58, 130.06, 121.91, 123.95, 129.92, 115.58, 128.24, 131.54, 127.6, 131.65, 120.08, 130.63, 119.3, 118.145, 124.476, 124.4, 121.225, 120.176, 122.16, 131.448, 114.993, 118.62, 124.136, 118.763, 120.781, 118.409, 115.374, 122.853, 124.56, 124.595, 116.975","8.21, 4.49, 8.59, 4.95, 1.54, 1.35, 0.71, 0.71, 0.71, 0.71, 0.71, 0.71, 8.68, 4.52, 1.47, 1.33, 9.46, 5.61, 1.48, 1.34, 0.58, 0.71, 0.71, 0.71, 0.71, 0.71, 0.71, 9.54, 5.69, 1.8, 1.5, 8.45, 7.64, 3.57, 7.32, 8.73, 5.15, 7.67, 8.29, 4.45, 1.62, 1.62, 8.0843, 7.4062, 7.701, 8.7576, 7.4947, 7.9369, 9.4108, 7.1115, 8.8507, 9.2929, 8.0253, 8.8501, 7.2883, 8.5265, 8.519, 4.039, 1.74, 1.649, 1.646, 1.032, 1.032, 1.032, 0.992, 0.992, 0.992, 8.74, 4.026, 1.883, 1.607, 1.911, 0.843, 0.843, 0.843, 1.198, 1.198, 1.198, 8.232, 4.132, 1.431, 1.642, 0.968, 0.605, 0.605, 0.605, 0.571, 0.571, 0.571, 8.19, 3.822, 1.511, 1.205, 1.091, -0.001, -0.001, -0.001, 0.339, 0.339, 0.339, 8.375, 3.696, 1.566, 1.045, 1.422, 0.422, 0.422, 0.422, 0.17, 0.17, 0.17, 7.924, 3.959, 1.822, 1.328, 1.672, 0.571, 0.571, 0.571, 0.79, 0.79, 0.79, 8.305, 5.725, 1.639, 1.141, 1.97, 0.71, 0.71, 0.71, 0.778, 0.778, 0.778, 8.332, 3.842, 1.572, 0.685, 1.647, 0.679, 0.679, 0.679, 0.688, 0.688, 0.688, 6.862, 4.708, 1.824, 1.507, 1.74, 0.895, 0.895, 0.895, 0.775, 0.775, 0.775, 8.647, 3.754, 1.85, 1.408, 1.747, 0.894, 0.894, 0.894, 0.56, 0.56, 0.56, 7.6, 4.396, 1.719, 1.69, 1.569, 0.759, 0.759, 0.759, 0.812, 0.812, 0.812, 7.958, 3.777, 1.444, 1.473, 1.352, 0.709, 0.709, 0.709, 0.604, 0.604, 0.604, 7.158, 4.058, 1.435, 1.643, 1.625, 0.804, 0.804, 0.804, 0.778, 0.778, 0.778, 7.889, 3.964, 0.634, 0.587, 1.143, 0.45, 0.45, 0.45, 0.465, 0.465, 0.465, 7.332, 5.189, 1.448, 1.008, 0.12, -0.112, -0.112, -0.112, 0.323, 0.323, 0.323, 9.133, 5.011, 1.812, 1.391, 1.549, 0.865, 0.865, 0.865, 0.974, 0.974, 0.974, 8.685, 3.67, 1.668, 0.964, 0.925, -0.075, -0.075, -0.075, 0.481, 0.481, 0.481, 7.87, 4.036, 1.652, 1.561, 1.546, 0.659, 0.659, 0.659, 0.809, 0.809, 0.809, 7.693, 3.988, 1.443, 1.368, 1.346, 0.099, 0.099, 0.099, -0.733, -0.733, -0.733"
5,ARG,"122.7, 120.6, 120.8, 125.1, 123.0, 124.66, 126.48, 122.89, 128.8, 122.53, 124.86, 124.94, 118.123, 115.336, 115.966, 119.655, 115.017, 119.138, 124.763","8.23, 4.42, 8.21, 1.58, 1.27, 2.4, 2.24, 8.23, 4.91, 1.5, 1.5, 2.97, 2.88, 8.6, 4.48, 8.23, 1.84, 1.76, 8.5542, 8.8507, 8.6444, 9.3224, 7.83, 8.5854, 8.4133, 8.159, 3.78, 1.784, 1.784, 1.277, 1.277, 3.097, 3.097, 7.862, 3.904, 2.026, 1.952, 1.372, 1.274, 3.055, 3.084, 7.488, 4.031, 1.776, 1.796, 1.534, 1.534, 3.096, 3.096, 8.757, 4.4, 1.379, 1.067, 1.507, 1.507, 2.795, 2.795, 7.546, 3.646, 1.781, 1.797, 1.64, 1.64, 2.956, 2.941, 7.619, 4.058, 1.887, 1.842, 1.677, 1.665, 3.161, 3.161, 8.374, 4.003, 0.258, -0.217, 1.054, 0.628, 1.584, 2.219"
6,GLN,"114.4, 119.5, 125.1, 120.29, 126.34, 118.6, 115.58, 117.41, 118.81, 116.792, 124.513, 119.789, 112.185, 112.66","8.18, 5.74, 1.69, 1.69, 1.78, 1.7, 8.48, 3.33, 7.91, 4.15, 2.04, 1.87, 2.24, 2.24, 8.4085, 9.0866, 8.9097, 9.2929, 8.3791, 7.7305, 8.507, 3.808, 2.091, 1.864, 2.33, 2.032, 6.666, 4.248, 1.904, 1.749, 1.941, 2.014, 7.524, 4.105, 1.809, 1.888, 2.226, 2.226, 7.529, 6.85, 4.061, 1.988, 1.988, 2.321, 2.321, 7.433, 6.883"
7,MET,"118.3, 120.43, 113.31, 117.73, 122.348, 120.527, 128.96, 125.815, 118.392","9.04, 4.98, 7.4357, 8.004, 8.509, 8.222, 4.525, 1.821, 1.901, 2.39, 2.301, 8.71, 3.897, 2.315, 2.315, 2.916, 2.916, 9.077, 5.985, 1.353, 1.353, 2.214, 2.921, 8.409, 5.309, 2.381, 2.3, 2.855, 2.567, 8.516, 4.201, 2.0, 2.0, 2.593, 2.645"
8,SER,"119.0, 117.5, 115.02, 112.34, 122.33, 124.55, 111.6, 124.23, 111.64, 111.5, 116.56, 110.3, 114.38, 118.52, 116.14, 116.77, 117.62, 114.31, 113.87, 112.84, 115.79, 120.22, 117.69, 113.471, 113.55, 118.028, 113.42, 112.411, 119.576, 112.822, 114.44, 117.667, 123.181, 117.198, 111.753, 118.259, 121.696, 119.697, 117.638, 114.105, 117.231","8.85, 9.39, 5.04, 8.0253, 7.4652, 8.497, 9.066, 7.6923, 9.4993, 7.9074, 7.1409, 7.4357, 7.082, 8.0548, 7.734, 9.2045, 9.4698, 7.6126, 8.9686, 8.146, 7.76, 9.4108, 8.2022, 8.1727, 8.195, 4.853, 3.372, 3.11, 8.666, 4.212, 3.82, 3.82, 9.635, 3.708, 3.307, 3.373, 7.641, 4.092, 3.834, 3.858, 8.057, 4.357, 4.086, 3.962, 8.587, 4.893, 3.724, 2.921, 8.413, 4.008, 3.944, 4.008, 7.344, 4.949, 4.113, 3.807, 7.735, 4.43, 3.874, 3.874, 8.076, 4.18, 3.765, 3.765, 4.213, 3.856, 3.757, 8.412, 2.282, 3.427, 3.57, 7.536, 4.625, 4.166, 3.819, 9.176, 4.547, 3.815, 3.749, 6.882, 4.526, 3.294, 3.131, 8.821, 4.401, 3.722, 3.76, 8.457, 5.493, 3.571, 3.283, 8.387, 4.492, 3.795, 3.491, 7.36, 4.02, 3.949, 3.917"
9,CYS,"118.6, 117.9, 117.1, 126.97, 124.09, 129.22, 126.13, 128.446","8.68, 4.98, 7.35, 4.23, 3.14, 2.22, 8.7, 2.81, 2.81, 9.8825, 8.7328, 10.0, 8.7623, 8.87, 3.483, 2.919, 2.605"
10,GLY,"107.0, 106.5, 108.5, 106.3, 107.9, 109.2, 113.8, 109.88, 108.97, 108.9, 111.78, 112.13, 109.11, 112.91, 107.77, 113.04, 115.58, 110.052, 111.907, 117.132, 106.018, 106.421, 108.067, 104.421, 107.058, 105.163, 120.105, 104.237","8.81, 8.34, 4.07, 3.86, 7.68, 4.16, 3.9, 7.94, 4.14, 3.9, 7.82, 4.32, 4.0, 7.7, 4.66, 3.93, 9.09, 4.14, 3.65, 8.2317, 7.9074, 7.5242, 7.7305, 8.0253, 8.6739, 8.3201, 7.701, 10.796, 7.76, 7.964, 3.915, 3.915, 4.224, 3.602, 8.974, 2.962, 4.299, 8.33, 3.893, 2.881, 8.652, 3.976, 3.454, 7.787, 4.055, 3.702, 7.706, 3.697, 3.617, 8.67, 4.436, 3.518, 8.708, 4.062, 3.285, 7.115, 4.268, 3.623, 9.154, 3.77, 3.544, 9.163, 4.124, 3.511"
11,THR,"116.1, 108.3, 107.7, 118.0, 116.5, 117.1, 110.1, 115.1, 117.5, 119.0, 114.2, 109.6, 115.37, 120.01, 107.84, 123.24, 118.67, 107.63, 123.03, 113.64, 119.94, 112.76, 121.7, 110.09, 124.37, 119.23, 122.45, 118.825, 105.44, 117.654, 119.126, 111.973, 119.572, 118.019, 118.237, 117.741, 117.422, 117.994, 123.162, 113.202, 108.259, 114.502, 117.913, 111.932, 119.039, 126.845, 116.432, 114.97","9.28, 7.23, 4.58, 7.46, 8.33, 4.34, 1.12, 1.12, 1.12, 8.42, 1.24, 1.24, 1.24, 8.33, 4.67, 4.39, 1.16, 1.16, 1.16, 7.96, 4.42, 1.08, 1.08, 1.08, 8.45, 9.41, 4.84, 3.9, 8.55, 7.52, 5.1, 1.18, 1.18, 1.18, 7.82, 4.41, 8.1137, 7.76, 7.023, 8.7033, 8.4085, 7.761, 9.175, 8.192, 7.5831, 9.0571, 8.4675, 8.6444, 8.8802, 7.1704, 8.4746, 7.915, 5.071, 3.976, 1.073, 1.073, 1.073, 7.761, 4.072, 3.967, 0.706, 0.706, 0.706, 7.872, 4.297, 4.266, 1.273, 1.273, 1.273, 7.252, 3.798, 4.29, 1.053, 1.053, 1.053, 8.736, 5.018, 4.432, 1.142, 1.142, 1.142, 7.619, 4.301, 4.328, 1.355, 1.355, 1.355, 8.721, 4.21, 4.569, 1.363, 1.363, 1.363, 8.368, 3.772, 4.088, 1.032, 1.032, 1.032, 8.418, 4.322, 3.933, 1.11, 1.11, 1.11, 8.712, 5.114, 3.49, 0.809, 0.809, 0.809, 9.478, 3.831, 4.295, 1.365, 1.365, 1.365, 8.45, 4.394, 3.766, 0.564, 0.564, 0.564, 7.416, 3.762, 4.052, 1.105, 1.105, 1.105, 7.466, 4.245, 4.279, 1.132, 1.132, 1.132, 8.371, 3.689, 4.047, 1.071, 1.071, 1.071, 8.041, 4.977, 4.456, 1.246, 1.246, 1.246, 9.062, 4.64, 4.47, 1.065, 1.065, 1.065, 8.788, 4.636, 3.625, 0.304, 0.304, 0.304, 8.467, 4.197, 3.762, 0.922, 0.922, 0.922, 8.641, 4.248, 4.66, 1.01, 1.01, 1.01, 7.443, 3.805, 4.086, 1.117, 1.117, 1.117"
12,ASP,"122.3, 119.9, 123.8, 116.5, 118.0, 123.8, 114.17, 116.98, 117.41, 121.41, 126.87, 121.41, 117.97, 118.46, 118.74, 121.11, 129.01, 118.11, 126.54, 127.428, 120.922, 116.337, 120.504, 126.301, 128.414, 115.714","8.26, 4.57, 2.57, 2.45, 8.48, 4.34, 2.62, 2.62, 8.89, 4.99, 2.95, 2.69, 7.95, 4.57, 2.86, 2.49, 7.71, 4.58, 3.0, 2.59, 8.48, 2.56, 2.45, 6.6398, 7.9074, 7.2294, 7.7305, 8.371, 7.4357, 7.9074, 7.1115, 6.7872, 8.635, 9.4108, 7.5536, 8.683, 8.768, 4.996, 2.986, 2.036, 7.782, 4.303, 2.751, 2.579, 8.231, 4.364, 2.474, 2.57, 8.911, 4.552, 2.668, 2.557, 8.743, 4.537, 2.739, 2.644, 10.129, 4.403, 3.008, 2.689, 8.515, 3.86, 2.337, 2.41"
13,ASN,"120.2, 117.7, 109.6, 125.2, 118.1, 121.06, 131.19, 108.83, 109.8, 123.95, 120.01, 116.63, 125.28, 121.13, 127.11, 125.14, 120.978, 117.722, 120.706, 111.617, 122.137, 116.038, 114.703, 113.584, 117.743, 112.815","8.54, 4.86, 2.72, 2.61, 8.93, 5.18, 2.77, 2.77, 7.33, 6.71, 8.85, 4.57, 8.1727, 8.3791, 9.6467, 9.175, 6.888, 8.8212, 7.9439, 8.5854, 8.2317, 8.6149, 8.1137, 8.6149, 9.327, 4.634, 3.225, 2.88, 7.726, 4.315, 2.885, 2.796, 8.847, 4.529, 3.038, 2.638, 7.569, 4.209, 3.18, 2.226, 9.243, 4.91, 2.937, 2.869, 8.361, 4.267, 2.648, 2.725, 9.021, 4.273, 2.769, 2.712, 7.588, 6.87, 7.618, 4.405, 2.822, 2.597, 7.867, 7.002"
14,VAL,"126.4, 122.5, 126.8, 120.9, 121.2, 113.26, 121.48, 125.84, 128.31, 121.84, 119.66, 123.17, 122.12, 123.52, 119.94, 127.04, 126.83, 127.95, 125.28, 121.48, 112.06, 128.74, 120.22, 128.94, 126.71, 125.7, 121.83, 126.122, 124.265, 119.535, 119.744, 131.502, 121.251, 120.669, 127.148, 112.327, 128.645, 119.312, 121.085, 123.254, 123.921","8.08, 3.8, 1.36, 0.6, 0.6, 0.6, 0.06, 0.06, 0.06, 8.45, 4.47, 1.82, 0.78, 0.78, 0.78, 0.78, 0.78, 0.78, 8.53, 4.15, 1.83, 0.82, 0.82, 0.82, 0.49, 0.49, 0.49, 7.9, 4.26, 2.07, 0.84, 0.84, 0.84, 0.84, 0.84, 0.84, 7.6662, 6.9935, 7.9958, 9.4403, 9.5582, 8.9686, 7.9074, 7.9074, 8.8212, 7.7895, 7.9958, 9.3519, 8.9686, 9.2045, 8.0548, 7.5242, 8.7328, 8.378, 8.8507, 8.3834, 8.621, 8.8802, 9.071, 4.194, 0.891, 0.043, 0.043, 0.043, -1.016, -1.016, -1.016, 9.349, 4.137, 1.695, 0.875, 0.875, 0.875, 0.683, 0.683, 0.683, 8.787, 3.598, 1.939, 0.642, 0.642, 0.642, 0.661, 0.661, 0.661, 7.534, 3.225, 1.802, 0.83, 0.83, 0.83, 0.669, 0.669, 0.669, 8.438, 4.742, 1.935, 0.831, 0.831, 0.831, 0.794, 0.794, 0.794, 9.2, 4.123, 2.238, 1.192, 1.192, 1.192, 1.107, 1.107, 1.107, 8.413, 2.785, 0.663, 0.018, 0.018, 0.018, -0.048, -0.048, -0.048, 8.323, 5.006, 1.914, 1.053, 1.053, 1.053, 0.979, 0.979, 0.979, 8.767, 3.072, 2.452, 0.714, 0.714, 0.714, 0.039, 0.039, 0.039, 6.771, 4.538, 2.151, 0.991, 0.991, 0.991, 0.779, 0.779, 0.779, 8.489, 4.736, 1.695, 0.595, 0.595, 0.595, 0.255, 0.255, 0.255, 8.594, 4.56, 2.084, 0.301, 0.301, 0.301, 0.256, 0.256, 0.256, 7.477, 3.227, 2.183, 0.663, 0.663, 0.663, 0.647, 0.647, 0.647, 9.28, 4.842, 1.879, 1.245, 1.245, 1.245, 0.709, 0.709, 0.709, 8.518, 4.263, 1.814, 0.875, 0.875, 0.875, 0.799, 0.799, 0.799"
15,LYS,"117.8, 121.5, 113.9, 123.4, 128.8, 122.8, 121.98, 117.76, 117.9, 124.51, 126.34, 121.07, 125.49, 129.71, 118.39, 120.29, 132.74, 120.93, 123.45, 115.37, 126.55, 126.27, 128.52, 126.41, 118.177, 129.501, 119.343, 120.136, 128.564, 120.644, 124.858, 125.406, 119.619, 120.092, 116.047","7.97, 4.34, 8.29, 4.25, 7.62, 4.51, 8.9, 4.99, 1.67, 1.53, 8.53, 4.46, 8.03, 7.819, 7.8813, 7.1409, 9.2929, 8.9981, 8.569, 8.6149, 8.2906, 8.2611, 8.5559, 9.3519, 8.428, 7.1704, 7.1999, 8.6444, 7.9369, 8.2906, 7.5831, 7.099, 3.899, 1.607, 0.984, 1.38, 1.38, 1.441, 1.441, 2.802, 2.677, 8.112, 3.749, 1.752, 1.752, 1.348, 1.46, 1.573, 1.573, 2.971, 2.971, 7.821, 3.876, 1.443, 1.164, 0.538, 0.841, 1.369, 1.271, 2.794, 2.794, 7.587, 4.108, 1.775, 1.727, 1.454, 1.378, 1.665, 1.682, 2.969, 2.969, 7.833, 4.275, 1.55, 1.475, 1.055, 1.199, 1.502, 1.502, 2.836, 2.836, 8.057, 4.07, 1.816, 1.63, 1.389, 1.329, 1.506, 1.664, 2.895, 2.895, 9.76, 4.319, 1.897, 1.339, 0.843, 0.553, 1.271, 1.368, 2.795, 2.89, 8.933, 3.487, 1.989, 1.752, 0.573, 0.573, 1.531, 1.531, 2.843, 2.764, 9.145, 5.431, 1.688, 1.436, 1.218, 1.183, 1.513, 1.441, 2.821, 2.821, 8.023, 4.928, 2.069, 1.764, 1.588, 1.551, 1.759, 1.584, 3.053, 2.989, 7.611, 3.298, 1.414, 1.379, 0.552, 0.552, 0.894, 0.957, 1.659, 2.102"
16,TRP,"117.2, 128.1, 123.22, 118.32, 120.92, 124.16, 125.209, 127.505, 121.637, 131.43","7.96, 5.21, 2.99, 2.26, 6.61, 10.13, 7.43, 8.422, 7.3178, 7.2294, 7.6716, 7.678, 5.35, 2.849, 3.097, 9.937, 9.004, 4.481, 3.526, 2.894, 7.507, 10.3"
17,ILE,"122.6, 118.9, 122.26, 127.47, 122.91, 126.49, 121.34, 117.62, 122.96, 123.17, 129.08, 121.56, 123.74, 117.62, 125.56, 115.906, 123.091, 122.628, 124.931, 118.144, 118.239, 123.634, 123.75, 126.845","8.84, 4.4, 1.7, 1.39, 1.04, 0.84, 0.84, 0.84, 0.85, 0.85, 0.85, 7.44, 4.18, 1.9, 1.37, 0.88, 0.87, 0.87, 0.87, 0.73, 0.73, 0.73, 8.1432, 8.5372, 7.867, 8.4603, 8.7328, 7.9369, 8.438, 9.3519, 8.2611, 8.6444, 8.3496, 9.2634, 9.3519, 7.08, 3.764, 1.805, 1.121, 1.681, 0.953, 0.953, 0.953, 1.036, 1.036, 1.036, 8.092, 3.535, 1.904, 1.013, 1.829, 0.819, 0.819, 0.819, 0.554, 0.554, 0.554, 7.785, 2.506, 1.871, 0.699, 1.156, 0.81, 0.81, 0.81, 1.026, 1.026, 1.026, 8.193, 2.984, 1.328, 0.529, 1.031, -0.435, -0.435, -0.435, 0.247, 0.247, 0.247, 8.278, 3.195, 1.788, 1.382, 0.931, 0.648, 0.648, 0.648, 0.547, 0.547, 0.547, 7.757, 3.451, 1.415, -0.406, 1.41, 0.486, 0.486, 0.486, -0.487, -0.487, -0.487, 7.941, 3.575, 1.745, 0.756, 0.862, 0.478, 0.478, 0.478, 0.036, 0.036, 0.036, 8.694, 4.166, 0.637, 1.053, 1.084, 0.402, 0.402, 0.402, 0.577, 0.577, 0.577, 8.477, 4.865, 1.712, 1.477, 1.167, 0.823, 0.823, 0.823, 0.667, 0.667, 0.667"
18,GLU,"129.1, 120.5, 122.19, 123.66, 130.56, 129.43, 118.67, 125.13, 115.68, 126.4, 126.41, 118.51, 113.36, 126.97, 120.947, 121.04, 116.616, 116.879, 117.308, 119.822, 120.126, 118.668, 123.763, 117.355, 119.774, 129.507, 120.425","8.82, 3.63, 1.47, 1.47, 1.43, 1.21, 8.55, 4.51, 8.2906, 8.6149, 8.7328, 9.2045, 8.0253, 8.3664, 9.262, 8.7093, 7.819, 8.444, 7.927, 8.8212, 8.382, 3.696, 2.125, 1.135, 1.806, 1.806, 8.894, 3.656, 2.197, 2.002, 2.145, 2.414, 7.731, 3.988, 2.037, 1.88, 2.249, 2.071, 7.553, 4.05, 2.114, 1.886, 2.378, 1.994, 8.265, 3.714, 1.976, 1.76, 2.01, 2.2, 8.678, 4.423, 2.033, 1.716, 2.043, 1.988, 7.766, 2.891, 1.503, 0.668, 1.605, 1.387, 8.641, 3.749, 2.193, 1.904, 2.463, 2.148, 10.249, 3.012, 1.603, 1.247, 2.141, 1.266, 7.994, 3.626, 2.028, 1.848, 2.46, 1.874, 8.145, 3.748, 1.963, 1.99, 2.071, 2.155, 9.299, 3.511, 2.258, 1.677, 1.536, 1.501, 7.854, 4.689, 2.074, 1.873, 2.182, 2.282"
19,NAG,"121.95, 7.832, 122.08, 8.042, 121.26, 7.665","4.915, 3.991, 3.9568, 3.9568, 3.5706, 2.013, 4.475, 3.9421, 3.6537, 2.9937, 3.6195, 1.954, 4.7537, 3.7955, 3.7515, 3.5657, 3.5706, 2.135, 3.724, 3.807, 3.4093, 3.3897, 3.1844, 3.3311, 2.1138, 2.022, 3.2088, 3.4533"
20,MAN,,"3.1453, 4.013, 3.3653, 3.5608, 3.0475, 3.627, 3.736, 5.2425, 4.2648, 3.937, 3.6928, 3.833, 3.721, 3.801, 4.6754, 3.463, 3.7173, 3.3653, 3.4337, 3.721, 3.801"
21,FUC,,"4.7048, 3.6048, 3.4142, 2.6075, 3.1208"
22,PRO,,"5.756, 2.39, 2.144, 1.585, 1.568, 4.474, 3.893, 3.994, 1.918, 1.681, 1.591, 1.119, 3.357, 3.868, 4.38, 1.928, 2.206, 1.988, 1.793, 3.759, 3.564, 4.176, 2.372, 1.945, 2.13, 1.99, 3.852, 3.829, 4.518, 2.108, 1.92, 1.849, 1.475, 3.424, 3.343"
